sequia,count,ratio
0,20969,0.7951839211224877
1,5401,0.20481607887751233
